<annotation>
	<folder>imaages</folder>
	<filename>Dz6isxfXgAAkGSt.jpeg</filename>
	<path>C:\Users\Sude\Desktop\imaages\Dz6isxfXgAAkGSt.jpeg</path>
	<source>
		<database>Unknown</database>
	</source>
	<size>
		<width>4096</width>
		<height>2730</height>
		<depth>3</depth>
	</size>
	<segmented>0</segmented>
	<object>
		<name>hfttf</name>
		<pose>Unspecified</pose>
		<truncated>0</truncated>
		<difficult>0</difficult>
		<bndbox>
			<xmin>8</xmin>
			<ymin>258</ymin>
			<xmax>2817</xmax>
			<ymax>1861</ymax>
		</bndbox>
	</object>
</annotation>
