<annotation>
	<folder>imaages</folder>
	<filename>images (1).jpeg</filename>
	<path>C:\Users\Sude\Desktop\imaages\images (1).jpeg</path>
	<source>
		<database>Unknown</database>
	</source>
	<size>
		<width>288</width>
		<height>175</height>
		<depth>3</depth>
	</size>
	<segmented>0</segmented>
	<object>
		<name>hfttf</name>
		<pose>Unspecified</pose>
		<truncated>1</truncated>
		<difficult>0</difficult>
		<bndbox>
			<xmin>24</xmin>
			<ymin>1</ymin>
			<xmax>288</xmax>
			<ymax>120</ymax>
		</bndbox>
	</object>
</annotation>
