<annotation>
	<folder>imaages</folder>
	<filename>images.jpeg</filename>
	<path>C:\Users\Sude\Desktop\imaages\images.jpeg</path>
	<source>
		<database>Unknown</database>
	</source>
	<size>
		<width>259</width>
		<height>194</height>
		<depth>3</depth>
	</size>
	<segmented>0</segmented>
	<object>
		<name>hfttf</name>
		<pose>Unspecified</pose>
		<truncated>1</truncated>
		<difficult>0</difficult>
		<bndbox>
			<xmin>1</xmin>
			<ymin>39</ymin>
			<xmax>259</xmax>
			<ymax>159</ymax>
		</bndbox>
	</object>
</annotation>
