<annotation>
	<folder>imaages</folder>
	<filename>images (2).jpeg</filename>
	<path>C:\Users\Sude\Desktop\imaages\images (2).jpeg</path>
	<source>
		<database>Unknown</database>
	</source>
	<size>
		<width>275</width>
		<height>183</height>
		<depth>3</depth>
	</size>
	<segmented>0</segmented>
	<object>
		<name>hfttf</name>
		<pose>Unspecified</pose>
		<truncated>1</truncated>
		<difficult>0</difficult>
		<bndbox>
			<xmin>1</xmin>
			<ymin>34</ymin>
			<xmax>262</xmax>
			<ymax>183</ymax>
		</bndbox>
	</object>
</annotation>
