<annotation>
	<folder>imaages</folder>
	<filename>KpEHdqLoAvEQnKt-1600x900-noPad.jpg</filename>
	<path>C:\Users\Sude\Desktop\imaages\KpEHdqLoAvEQnKt-1600x900-noPad.jpg</path>
	<source>
		<database>Unknown</database>
	</source>
	<size>
		<width>1000</width>
		<height>562</height>
		<depth>3</depth>
	</size>
	<segmented>0</segmented>
	<object>
		<name>hfttf</name>
		<pose>Unspecified</pose>
		<truncated>0</truncated>
		<difficult>0</difficult>
		<bndbox>
			<xmin>38</xmin>
			<ymin>141</ymin>
			<xmax>995</xmax>
			<ymax>511</ymax>
		</bndbox>
	</object>
</annotation>
