<annotation>
	<folder>imaages</folder>
	<filename>WhatsApp Image 2023-01-10 at 16.24.00.jpeg</filename>
	<path>C:\Users\Sude\Desktop\imaages\WhatsApp Image 2023-01-10 at 16.24.00.jpeg</path>
	<source>
		<database>Unknown</database>
	</source>
	<size>
		<width>1500</width>
		<height>2000</height>
		<depth>3</depth>
	</size>
	<segmented>0</segmented>
	<object>
		<name>hfttf</name>
		<pose>Unspecified</pose>
		<truncated>0</truncated>
		<difficult>0</difficult>
		<bndbox>
			<xmin>10</xmin>
			<ymin>244</ymin>
			<xmax>1074</xmax>
			<ymax>1291</ymax>
		</bndbox>
	</object>
</annotation>
