<annotation>
	<folder>imaages</folder>
	<filename>x1080.jpeg</filename>
	<path>C:\Users\Sude\Desktop\imaages\x1080.jpeg</path>
	<source>
		<database>Unknown</database>
	</source>
	<size>
		<width>1920</width>
		<height>1080</height>
		<depth>3</depth>
	</size>
	<segmented>0</segmented>
	<object>
		<name>hfttf</name>
		<pose>Unspecified</pose>
		<truncated>0</truncated>
		<difficult>0</difficult>
		<bndbox>
			<xmin>3</xmin>
			<ymin>10</ymin>
			<xmax>1908</xmax>
			<ymax>941</ymax>
		</bndbox>
	</object>
</annotation>
